tmdb_id,title,genres,vote_average,vote_count,poster_path,year,title_fr,keywords,cast,director,watch_providers
62,2001: A Space Odyssey (1968),"Science Fiction, Mystery, Adventure",8.077,11070,/ve72VxNqjGM69Uky4WTo2bK6rfq.jpg,1968,2001 : L'Odyssée de l'Espace (1968),"man vs machine, moon, jupiter, artificial intelligence (a.i.), based on novel or book, technology, super computer, space travel, space mission, moon base, astronaut, evolution, monolith, space station, space opera, 2000s","Keir Dullea, Gary Lockwood, William Sylvester, Douglas Rain, Daniel Richter, Leonard Rossiter, Margaret Tyzack, Robert Beatty, Sean Sullivan, Frank Miller",Stanley Kubrick,
821937,578: Magnum (2022),"Action, Thriller",5.323,31,/8Nw5v7wPfa2FwbKyx61K2nIBcKa.jpg,2022,578: Magnum (2022),,"Alexandre Nguyen, H'Hen Niê, Hoàng Phúc, Ngọc Tình, Tuấn Hạc, Jessica Minh Anh, Nguyễn Lâm Thảo Tâm, Thanh Thảo, Minh Quang Nguyễn",Lương Đình Dũng,
1111873,Abigail (2024),"Horror, Thriller, Comedy",7.109,161,/m3bwUWLBe5ogVB8HmpQs2YNNq3S.jpg,2024,Abigail (2024),"ransom, vampire, kidnapping, ballerina, monster movie, dracula","Melissa Barrera, Dan Stevens, Alisha Weir, Kathryn Newton, Kevin Durand, William Catlett, Angus Cloud, Giancarlo Esposito, Matthew Goode",Matt Bettinelli-Olpin,
348,Alien (1979),"Horror, Science Fiction",8.151,13916,/vfrQk5IPloGg1v9Rzbh2Eg3VGyM.jpg,1979,"Alien, le huitième passager (1979)","android, spacecraft, space marine, biology, dystopia, countdown, space suit, beheading, space travel, cowardice, alien, space, female protagonist, parasite, space opera, cosmos, xenomorph","Tom Skerritt, Sigourney Weaver, Veronica Cartwright, Harry Dean Stanton, John Hurt, Ian Holm, Yaphet Kotto, Bolaji Badejo, Helen Horton",Ridley Scott,337
126889,Alien: Covenant (2017),"Science Fiction, Horror, Mystery",6.105,8175,/zecMELPbU5YMQpC81Z8ImaaXuf9.jpg,2017,Alien : Covenant (2017),"android, spacecraft, experiment, space travel, infection, engineer, alien life-form, sequel, alien, space, creature, robot, scientist, genocide, creation, acid, xenomorph, alien technology, genetic mutation","Michael Fassbender, Katherine Waterston, Billy Crudup, Danny McBride, Demián Bichir, Carmen Ejogo, Jussie Smollett, Callie Hernandez, Amy Seimetz, Nathaniel Dean",Ridley Scott,337
601796,Alienoid (2022),"Science Fiction, Action, Fantasy, Adventure",6.813,315,/8QVDXDiOGHRcAD4oM6MXjE0osSj.jpg,2022,Alienoid : Les Protecteurs du futur (2022),"prisoner, time warp, alien, historical fiction, goryeo dynasty, past and present, time slip, taoist wizard","Ryu Jun-yeol, Kim Woo-bin, Kim Tae-ri, So Ji-sub, Yum Jung-ah, Jo Woo-jin, Kim Eui-sung, Lee Ha-nee, Shin Jung-keun, Lee Si-hoon",Choi Dong-hoon,
1094844,Ape vs. Mecha Ape (2023),"Action, Science Fiction",5.259,139,/dJaIw8OgACelojyV6YuVsOhtTLO.jpg,2023,Ape vs. Mecha Ape (2023),"monster, giant monster, sequel, mecha, giant robot, kaiju, giant ape","Tom Arnold, Eugenia Kuzmina, Corbin Timbrook, Jack Pearson, Brendan Petrizzo, Xander Bailey, Lindsey Marie Wilson, Lisa Lee, Maureen Kedes, Sady Diallo",Marc Gottlieb,
329865,Arrival (2016),"Drama, Science Fiction, Mystery",7.602,17235,/pEzNVQfdzYDzVK0XqxERIw2x2se.jpg,2016,Premier Contact (2016),"spacecraft, loss, time, alien, language, female protagonist, scientist, heartbreak, based on short story, military, alien language, linguist, first contact, communication, linguistics, time-manipulation, time manipulation","Amy Adams, Jeremy Renner, Forest Whitaker, Michael Stuhlbarg, Tzi Ma, Mark O'Brien, Julia Scarlett Dan, Abigail Pniowsky, Jadyn Malone, Carmela Nozza Guizzo",Denis Villeneuve,119
618588,Arthur the King (2024),"Drama, Adventure",6.853,109,/gxVcBc4VM0kAg9wX4HVg6KJHG46.jpg,2024,Arthur the King (2024),"sweden, based on true story, lost dog, dog rescue, inspirational, dog adventure","Mark Wahlberg, Nathalie Emmanuel, Simu Liu, Ali Suliman, Juliet Rylance, Bear Grylls, Michael Landes, Paul Guilfoyle, Rob Collins, Elizabeth Chahin",Simon Cellan Jones,
299536,Avengers: Infinity War (2018),"Adventure, Action, Science Fiction",8.247,28843,/7WsyChQLEftFiDOVTGkv3hFpyyt.jpg,2018,Avengers : Infinity War (2018),"sacrifice, magic, superhero, based on comic, space, battlefield, genocide, magical object, super power, aftercreditsstinger, marvel cinematic universe (mcu), cosmic","Robert Downey Jr., Chris Hemsworth, Mark Ruffalo, Chris Evans, Scarlett Johansson, Benedict Cumberbatch, Tom Holland, Chadwick Boseman, Don Cheadle, Zoe Saldaña",Anthony Russo,337
615777,Babylon (2022),"Drama, Comedy",7.4,2781,/wjOHjWCUE0YzDiEzKv8AfqHj3ir.jpg,2022,Babylon (2022),"elephant, gambling, gambling debt, movie business, orgy, cocaine, champagne, alcoholism, hollywood, alcoholic, filmmaking, movie star, silent film star, 1920s, old hollywood, fading star, sex","Brad Pitt, Margot Robbie, Diego Calva, Jean Smart, Flea, Jovan Adepo, J.C. Currais, Jimmy Ortega, Hansford Prince, Telvin Griffin",Damien Chazelle,
346698,Barbie (2023),"Comedy, Adventure",7.068,8187,/iuFNMS8U5cb6xfzi51Dbkovj7vM.jpg,2023,Barbie (2023),"feminism, satire, patriarchy, based on toy, female protagonist, doll, submissive, fantasy world, motherhood, existentialism, woman director, thoughtful, mother daughter relationship, gender discrimination, barbie, secret world, compassionate","Margot Robbie, Ryan Gosling, America Ferrera, Ariana Greenblatt, Issa Rae, Kate McKinnon, Alexandra Shipp, Emma Mackey, Hari Nef, Sharon Rooney",Greta Gerwig,381
699280,Becoming (2020),Documentary,7.4,146,/f0vo1yoEVlbpJ0Fkn0FgU7dTrO8.jpg,2020,Devenir (2020),first lady,"Michelle Obama, Barack Obama, Phoebe Robinson, Sasha Obama, Malia Ann, Oprah Winfrey, Reese Witherspoon, Stephen Colbert, Conan O'Brien, Gayle King",Nadia Hallgren,8
405774,Bird Box (2018),"Horror, Thriller, Drama",6.843,9574,/rGfGfgL2pEPCfhIvqHXieXFn7gp.jpg,2018,Bird Box (2018),"based on novel or book, post-apocalyptic future, blindfold, doomsday, survival horror, woman director, white water rafting","Sandra Bullock, Trevante Rhodes, John Malkovich, Sarah Paulson, Jacki Weaver, Rosa Salazar, Danielle Macdonald, Lil Rel Howery, Tom Hollander, Machine Gun Kelly",Susanne Bier,"8, 1796"
284054,Black Panther (2018),"Action, Adventure, Science Fiction",7.385,21642,/uxzzxijgPIY7slzFvMotPv8wjKA.jpg,2018,Black Panther (2018),"africa, superhero, based on comic, aftercreditsstinger, duringcreditsstinger, marvel cinematic universe (mcu)","Chadwick Boseman, Michael B. Jordan, Lupita Nyong'o, Danai Gurira, Martin Freeman, Daniel Kaluuya, Letitia Wright, Winston Duke, Sterling K. Brown, Florence Kasumba",Ryan Coogler,337
720321,Breathe (2024),"Science Fiction, Mystery, Thriller",4.931,65,/wTW2t8ocWDlHns8I7vQxuqkyK58.jpg,2024,Breathe (2024),,"Jennifer Hudson, Milla Jovovich, Quvenzhané Wallis, Common, Sam Worthington, Raúl Castillo, James Saito, Dan Martin, Madison Latham",Stefon Bristol,119
299537,Captain Marvel (2019),"Action, Adventure, Science Fiction",6.824,15246,/AtsgWhDnHTq68L0lLsUrCnM7TjG.jpg,2019,Captain Marvel (2019),"superhero, based on comic, alien invasion, super power, female hero, aftercreditsstinger, duringcreditsstinger, marvel cinematic universe (mcu), woman director, hero's journey, 1990s, alien technology","Brie Larson, Samuel L. Jackson, Ben Mendelsohn, Jude Law, Annette Bening, Djimon Hounsou, Lee Pace, Lashana Lynch, Gemma Chan, Clark Gregg",Ryan Fleck,337
15,Citizen Kane (1941),"Mystery, Drama",8.0,5294,/sav0jxhqiH0bPr2vZFU0Kjt2nZL.jpg,1941,Citizen Kane (1941),"media tycoon, florida, art collector, newspaper, capitalist, journalist, sleigh, banker, american dream, failure, money, snowglobes, child","Orson Welles, Joseph Cotten, Dorothy Comingore, Ray Collins, George Coulouris, Agnes Moorehead, Paul Stewart, Ruth Warrick, Erskine Sanford, William Alland",Orson Welles,1870
929590,Civil War (2024),"War, Action, Drama",7.425,618,/sh7Rg8Er3tFcN9BpKIPOMvALgZd.jpg,2024,Civil War (2024),"sniper, new york city, race against time, washington dc, usa, the white house, civil war, post-traumatic stress disorder (ptsd), photographer, dystopia, war photographer, road trip, president, female protagonist, soldier, fictional war, xenophobia, assassination of president, suicide bombing, war trauma, mass grave, war journalism, charlottesville, near future, violence, tense, american politics","Kirsten Dunst, Wagner Moura, Cailee Spaeny, Stephen McKinley Henderson, Nelson Lee, Nick Offerman, Jefferson White, Evan Lai, Vince Pisani, Justin James Boykin",Alex Garland,
1701,Con Air (1997),"Action, Thriller, Crime",6.746,3978,/kOKjgrEzGOP92rVQ6srA9jtp60l.jpg,1997,Les Ailes de l'enfer (1997),"prison, helicopter, airplane, escape, undercover, ambush, war veteran, gas station, psychopath, bravery, mexican standoff, sandstorm, hijacking, us army, prison guard, u.s. marshal, serial killer, shootout, las vegas, explosion, brutality, convict, desert, war hero, diabetic, dea agent, hostile takeover, skyjacker, motorcycle chase, disguises, action hero, army veteran, prisoner transport, transport plane","Nicolas Cage, John Malkovich, John Cusack, Ving Rhames, Mykelti Williamson, Dave Chappelle, Colm Meaney, Monica Potter, Landry Allbright, Rachel Ticotin",Simon West,337
1105407,Damaged (2024),"Action, Crime, Thriller",4.929,77,/u3aPmYOkd8GclXg8nTvKQ4w1f7L.jpg,2024,Damaged (2024),"scotland, detective, girlfriend, murder, serial killer","Samuel L. Jackson, Vincent Cassel, Gianni Capaldi, Kate Dickie, John Hannah, Laura Haddock, Brian McCardie, Samantha Coughlan, Nicolette McKeown, Mark Holden",Terry McDonough,
2666,Dark City (1998),"Mystery, Science Fiction",7.324,2675,/AdBe2ow8hdlT2aLBYuUjs0Xkqkw.jpg,1998,Dark City (1998),"beach, experiment, chaos, paranoia, dystopia, sleep, manipulation, mad scientist, fugitive, serial killer, memory, cyberpunk, duel, parallel world, alien race, tech noir, neo-noir, retrofuturism","Rufus Sewell, William Hurt, Kiefer Sutherland, Jennifer Connelly, Richard O'Brien, Ian Richardson, Bruce Spence, Colin Friels, John Bluthal, Mitchell Butel",Alex Proyas,
320288,Dark Phoenix (2019),"Science Fiction, Action, Adventure",5.976,6234,/cCTJPelKGLhALq3r51A9uMonxKj.jpg,2019,X-Men : Dark Phoenix (2019),"superhero, mutant, telekinesis, based on comic, superhero team, 1990s, cosmic","Sophie Turner, James McAvoy, Nicholas Hoult, Tye Sheridan, Michael Fassbender, Alexandra Shipp, Evan Peters, Jessica Chastain, Kodi Smit-McPhee, Jennifer Lawrence",Simon Kinberg,337
119450,Dawn of the Planet of the Apes (2014),"Science Fiction, Action, Drama, Thriller",7.314,10780,/kScdQEwS9jPEdnO23XjGAtaoRcT.jpg,2014,La Planète des singes : L'Affrontement (2014),"dystopia, post-apocalyptic future, animal attack, leader, colony, forest, sequel, woods, ape, scientist, monkey, medical research, plague, 2030s","Andy Serkis, Jason Clarke, Gary Oldman, Keri Russell, Toby Kebbell, Kodi Smit-McPhee, Judy Greer, Nick Thurston, Terry Notary, Karin Konoval",Matt Reeves,337
293660,Deadpool (2016),"Action, Adventure, Comedy",7.612,29843,/fSRb7vyIP8rQpL0I47P3qUsEKX3.jpg,2016,Deadpool (2016),"superhero, anti hero, mercenary, based on comic, aftercreditsstinger, duringcreditsstinger","Ryan Reynolds, Morena Baccarin, Ed Skrein, T.J. Miller, Gina Carano, Leslie Uggams, Brianna Hildebrand, Karan Soni, Jed Rees, Stefan Kapičić",Tim Miller,337
1216221,Demon Slayer: Kimetsu no Yaiba -To the Hashira Training- (2024),"Animation, Action, Fantasy",6.284,211,/3daOEMQCOGU2n9EbUC0PICnUCek.jpg,2024,Demon Slayer: Kimetsu No Yaiba – En route vers l'entraînement des piliers (2024),"based on manga, demon, edited from tv series, shounen, anime","Natsuki Hanae, Akari Kito, Hiro Shimono, Yoshitsugu Matsuoka, Tomokazu Sugita, Kenichi Suzumura, Kana Hanazawa, Saori Hayami, Nobuhiko Okamoto, Tomokazu Seki",Haruo Sotozaki,
284052,Doctor Strange (2016),"Action, Adventure, Fantasy",7.423,21557,/7WfK17BXE6szXlm4WOxfswgbdsL.jpg,2016,Doctor Strange (2016),"magic, superhero, training, time, based on comic, sorcerer, doctor, neurosurgeon, wizard, aftercreditsstinger, duringcreditsstinger, marvel cinematic universe (mcu)","Benedict Cumberbatch, Chiwetel Ejiofor, Rachel McAdams, Benedict Wong, Mads Mikkelsen, Tilda Swinton, Michael Stuhlbarg, Benjamin Bratt, Scott Adkins, Zara Phythian",Scott Derrickson,337
141,Donnie Darko (2001),"Fantasy, Drama, Mystery",7.778,12000,/j5t4GWyBunfW24WMrLACj98THGW.jpg,2001,Donnie Darko (2001),"airplane, parent child relationship, presidential election, therapist, school performance, halloween, time travel, vandalism, surrealism, loss, imaginary friend, suburbia, arson, vision, school, mental illness, virginia, sleepwalking, 1980s, parallel universe","Jake Gyllenhaal, Jena Malone, James Duval, Drew Barrymore, Beth Grant, Maggie Gyllenhaal, Mary McDonnell, Holmes Osborne, Noah Wyle, Katharine Ross",Richard Kelly,
438631,Dune (2021),"Science Fiction, Adventure",7.779,11539,/d5NXSklXo0qyIYkgV94XAgMIckC.jpg,2021,Dune : Première partie (2021),"empire, future, epic, army, based on novel or book, prophecy, dystopia, emperor, sand, spice, hallucinogen, treason, baron, revenge, premonition, betrayal, space, water shortage, creature, desert, knife fight, destiny, giant worm, space opera, sand dune, messiah, mother son relationship, giant creature","Timothée Chalamet, Rebecca Ferguson, Oscar Isaac, Jason Momoa, Josh Brolin, Stellan Skarsgård, Stephen McKinley Henderson, Javier Bardem, Sharon Duncan-Brewster, Chang Chen",Denis Villeneuve,
693134,Dune: Part Two (2024),"Science Fiction, Adventure",8.214,3738,/czembW0Rk1Ke7lCJGahbOhdCuhV.jpg,2024,Dune : Deuxième partie (2024),"epic, based on novel or book, fight, sandstorm, sand, spice, chosen one, sequel, distant future, creature, planet, desert, destiny, giant worm, space opera, sand dune, messiah, vengeance, loving, giant creature, power, violence","Timothée Chalamet, Zendaya, Rebecca Ferguson, Javier Bardem, Josh Brolin, Austin Butler, Florence Pugh, Dave Bautista, Christopher Walken, Léa Seydoux",Denis Villeneuve,
385687,Fast X (2023),"Action, Crime, Thriller",7.1,5136,/fiVW06jE7z9YnO4trhaMEdclSiC.jpg,2023,Fast & Furious X (2023),"sequel, revenge, betrayal, racing, family, cliffhanger, cars, dramatic, intense, forceful, foreboding, ominous, urgent","Vin Diesel, Michelle Rodriguez, Tyrese Gibson, Ludacris, John Cena, Nathalie Emmanuel, Jordana Brewster, Sung Kang, Jason Momoa, Scott Eastwood",Louis Leterrier,381
784651,Fighter (2024),"Action, Thriller, War",5.287,68,/zDZowwb9GZGEctAu2PCpjiPQAMM.jpg,2024,Fighter (2024),"helicopter, airplane, fighter pilot, helicopter pilot, kashmir conflict, behind enemy lines, jet fighter pilot, military, retaliation, armed conflict, kashmir, fighter pilots, india pakistan border, military aviation, military pilots, islamic terrorism, indian air force, india pakistan conflict","Hrithik Roshan, Deepika Padukone, Anil Kapoor, Karan Singh Grover, Sanjeeda Sheikh, Akshay Oberoi, Rishabh Sawhney, Ashutosh Rana, Sharib Hashmi, Mahesh Shetty",Siddharth Anand,
43074,Ghostbusters (2016),"Action, Fantasy, Comedy",5.358,6202,/wJmWliwXIgZOCCVOcGRBhce7xPS.jpg,2016,S.O.S. Fantômes (2016),"female friendship, ghost hunting, reboot, ghost","Kristen Wiig, Melissa McCarthy, Kate McKinnon, Leslie Jones, Chris Hemsworth, Neil Casey, Charles Dance, Michael Kenneth Williams, Cecily Strong, Andy García",Paul Feig,119
967847,Ghostbusters: Frozen Empire (2024),"Fantasy, Adventure, Comedy",6.6,464,/e1J2oNzSBdou01sUvriVuoYp0pJ.jpg,2024,S.O.S. Fantômes : La Menace de Glace (2024),"new york city, supernatural, ghostbuster, sequel, teenage girl, ghost, duringcreditsstinger, research laboratory, evil force, ancient artifact","Mckenna Grace, Paul Rudd, Carrie Coon, Finn Wolfhard, Dan Aykroyd, Kumail Nanjiani, Patton Oswalt, Celeste O'Connor, Logan Kim, Emily Alyn Lind",Gil Kenan,
400928,Gifted (2017),"Drama, Comedy",8.035,5209,/7YB2YrMwIm1g8FyZtlvmVDfRnAT.jpg,2017,Mary (2017),"cat, mathematics, intellectually gifted, child prodigy, teacher, school, prize, child custody, legal drama, gifted children, custody hearing","Chris Evans, Mckenna Grace, Lindsay Duncan, Jenny Slate, Octavia Spencer, Glenn Plummer, Julie Ann Emery, Joe Chrest, Keir O'Donnell, Jona Xiao",Marc Webb,
940721,Godzilla Minus One (2023),"Science Fiction, Horror, Action",7.748,837,/2E2WTX0TJEflAged6kzErwqX1kt.jpg,2023,Godzilla Minus One (2023),"monster, loss of loved one, giant monster, kamikaze, duty, atomic bomb test, radioactivity, naval combat, reboot, kaiju, duringcreditsstinger, post war japan, 1940s, naval battle, naval battleship, found family, godzilla, war orphan, survivor guilt, tokusatsu, intense, admiring","Ryunosuke Kamiki, Minami Hamabe, Yuki Yamada, Munetaka Aoki, Hidetaka Yoshioka, Sakura Ando, Kuranosuke Sasaki, Saki Nakatani, Mio Tanaka, Yuya Endo",Takashi Yamazaki,
823464,Godzilla x Kong: The New Empire (2024),"Action, Science Fiction, Adventure",6.472,988,/tMefBSflR6PGQLv7WvFPpKLZkyk.jpg,2024,Godzilla x Kong : Le Nouvel Empire (2024),"giant monster, sequel, dinosaur, kaiju, fantasy world, giant ape, godzilla, monsterverse, king kong","Rebecca Hall, Brian Tyree Henry, Dan Stevens, Kaylee Hottle, Alex Ferns, Fala Chen, Rachel House, Ron Smyck, Chantelle Jamieson, Greg Hatton",Adam Wingard,
49047,Gravity (2013),"Science Fiction, Thriller, Drama",7.164,14912,/kZ2nZw8D681aphje8NJi8EfbL1U.jpg,2013,Gravity (2013),"space mission, loss, space, astronaut, space station, trapped in space","Sandra Bullock, George Clooney, Ed Harris, Orto Ignatiussen, Phaldut Sharma, Amy Warren, Basher Savage",Alfonso Cuarón,
490132,Green Book (2018),"Drama, History",8.244,11158,/7BsvSuDQuoqhWmU2fL7W2GOcZHU.jpg,2018,Green Book : Sur les routes du Sud (2018),"friendship, southern usa, road trip, racism, pianist, driver, lgbt, road movie, music tour, 1960s, roadtrip, gay theme, feel good","Viggo Mortensen, Mahershala Ali, Linda Cardellini, Sebastian Maniscalco, Dimiter D. Marinov, P.J. Byrne, Mike Hatton, Joe Cortese, Maggie Nixon, Von Lewis",Peter Farrelly,
1107387,Hachiko (2023),"Drama, Family",7.5,20,/ssWZpXHtILfKZhEORFG5C0giWLd.jpg,2023,Hachiko (2023),"dog, family, hachiko","Feng Xiaogang, Joan Chen, Bai Jugang, Huang Chutong, Bo Qian",Xu Ang,
424139,Halloween (2018),"Horror, Thriller",6.554,4523,/f7JAX5EGk4GgsEnus6OxyzwpFp7.jpg,2018,Halloween (2018),"post-traumatic stress disorder (ptsd), trauma, halloween, knife, illinois, sequel, murder, boogeyman, serial killer, slasher, murderer, escaped killer, holiday horror","Jamie Lee Curtis, Judy Greer, Andi Matichak, Will Patton, Virginia Gardner, Nick Castle, Toby Huss, Drew Scheid, Miles Robbins, Dylan Arnold",David Gordon Green,119
1041613,Immaculate (2024),"Horror, Mystery, Thriller",6.2,415,/fdZpvODTX5wwkD0ikZNaClE4AoW.jpg,2024,Immaculée (2024),"nun, italy, pregnancy, priest, female protagonist, church, convent (nunnery), dark secret, somber, religious horror, body horror, tense","Sydney Sweeney, Álvaro Morte, Benedetta Porcaroli, Dora Romano, Giorgio Colangeli, Simona Tabasco, Giampiero Judica, Niccolò Senni, Giulia Heathfield Di Renzi, Giampiero Judica",Michael Mohan,
27205,Inception (2010),"Action, Science Fiction, Adventure",8.368,35680,/oYuLEt3zVCKq57qu2F8dT7NIa6f.jpg,2010,Inception (2010),"rescue, mission, dream, airplane, paris, france, virtual reality, kidnapping, philosophy, spy, allegory, manipulation, car crash, heist, memory, architecture, los angeles, california, dream world, subconscious","Leonardo DiCaprio, Joseph Gordon-Levitt, Ken Watanabe, Tom Hardy, Elliot Page, Dileep Rao, Cillian Murphy, Tom Berenger, Marion Cotillard, Pete Postlethwaite",Christopher Nolan,
1063879,Infested (2023),Horror,6.901,176,/dY98PkUAbIGUUg0FhXEcOkbzHIZ.jpg,2023,Infested (2023),"infestation, horror, spiders","Théo Christine, Sofia Lesaffre, Finnegan Oldfield, Jérôme Niel, Lisa Nyarko, Marie-Philomène Nga, Emmanuel Bonami, Abdellah Moundy, Mahamadou Sangaré, Xing Xing Cheng",Sébastien Vaniček,
157336,Interstellar (2014),"Adventure, Drama, Science Fiction",8.434,34276,/gEU2QniE6E77NI6lCU6MxlNBvIx.jpg,2014,Interstellar (2014),"rescue, future, spacecraft, race against time, artificial intelligence (a.i.), nasa, time warp, dystopia, expedition, space travel, wormhole, famine, black hole, quantum mechanics, family relationships, space, robot, astronaut, scientist, single father, farmer, space station, curious, space adventure, time paradox, time-manipulation, father daughter relationship, 2060s, cornfield, time manipulation, euphoric","Matthew McConaughey, Anne Hathaway, Jessica Chastain, Michael Caine, Bill Irwin, Ellen Burstyn, Mackenzie Foy, Casey Affleck, John Lithgow, Wes Bentley",Christopher Nolan,
10138,Iron Man 2 (2010),"Adventure, Action, Science Fiction",6.84,20418,/6WBeq4fCfn7AN0o21W9qNcRF2l9.jpg,2010,Iron Man 2 (2010),"technology, superhero, malibu, based on comic, revenge, aftercreditsstinger, marvel cinematic universe (mcu), break out","Robert Downey Jr., Mickey Rourke, Don Cheadle, Gwyneth Paltrow, Sam Rockwell, Scarlett Johansson, Samuel L. Jackson, Jon Favreau, Garry Shandling, John Slattery",Jon Favreau,337
475557,Joker (2019),"Crime, Thriller, Drama",8.161,24529,/udDclJoHjfjb8Ekgsd4FDteOkCU.jpg,2019,Joker (2019),"dream, street gang, society, psychopath, clown, villain, based on comic, murder, psychological thriller, criminal mastermind, mental illness, anarchy, character study, clown makeup, subway train, social realism, supervillain, tv host, 1980s, mother son relationship, origin story, falling into madness","Joaquin Phoenix, Robert De Niro, Zazie Beetz, Frances Conroy, Brett Cullen, Shea Whigham, Bill Camp, Glenn Fleshler, Leigh Gill, Josh Pais",Todd Phillips,119
1209288,Justice League: Crisis on Infinite Earths Part Two (2024),"Animation, Science Fiction, Action",6.4,60,/g8ak4QAGLZpqMs3CpnFHWWfIzJQ.jpg,2024,Justice League : Crisis on Infinite Earths Partie 2 (2024),"superhero, end of the world, based on graphic novel, superhero team, parallel universe, dcamu (tomorrowverse)","Jensen Ackles, Darren Criss, Meg Donnelly, Stana Katic, Jonathan Adams, Gideon Adlon, Geoffrey Arend, Troy Baker, Zach Callison, Darin De Paul",Jeff Wamester,
597891,Kate (2021),Action,6.6,1421,/uJgdT1boTSP0dDIjdTgGleg71l4.jpg,2021,Kate (2021),"japan, assassin, radiation, poison, revenge, female assassin, tokyo, japan, vengeance","Mary Elizabeth Winstead, Miku Martineau, Woody Harrelson, Tadanobu Asano, Jun Kunimura, MIYAVI, Michiel Huisman, Mari Yamamoto, Hirotaka Renge, Kazuya Tanabe",Cedric Nicolas-Troyan,"8, 1796"
653346,Kingdom of the Planet of the Apes (2024),"Science Fiction, Adventure, Action",6.842,76,/gKkl37BQuKTanygYQG1pyYgLVgf.jpg,2024,La Planète des Singes : Le Nouveau Royaume (2024),"dystopia, sequel, distant future, ape, monkey, evil tyrant","Owen Teague, Freya Allan, Kevin Durand, Peter Macon, William H. Macy, Eka Darville, Travis Jeffery, Neil Sandilands, Sara Wiseman, Ras-Samuel Welda'abzgi",Wes Ball,
467407,Kokoro to Karada (2004),Drama,7.5,5,/tJSNalCgcqfI8mbI5xFveJGTQDv.jpg,2004,Kokoro to Karada (2004),,"Hiroko Akune, Misaki Mori, Yoshinori Horimoto, Mansaku Ikeuchi, Daisuke Sasagawa, Taijirō Tamura, Nuts Tanahashi",Hiroshi Ando,
1011985,Kung Fu Panda 4 (2024),"Animation, Action, Family, Comedy, Fantasy",7.106,1546,/kDp1vUBnMpe8ak4rjgl3cLELqjU.jpg,2024,Kung Fu Panda 4 (2024),"martial arts, kung fu, china, sequel, panda, anthropomorphism, pathetic, disheartening, embarrassed, tragic","Jack Black, Awkwafina, Viola Davis, Dustin Hoffman, Bryan Cranston, James Hong, Ian McShane, Ke Huy Quan, Ronny Chieng, Lori Tan Chinn",Mike Mitchell,
969492,Land of Bad (2024),"Action, Thriller, War",7.273,706,/h3jYanWMEJq6JJsCopy1h7cT2Hs.jpg,2024,Land of Bad (2024),"air force, battle, behind enemy lines, special ops, rescue operation, amused","Liam Hemsworth, Russell Crowe, Luke Hemsworth, Ricky Whittle, Milo Ventimiglia, Chika Ikogwe, Daniel MacPherson, Robert Rabiah, Jack Finsterer, Chris Masters Mah",William Eubank,
938614,Late Night with the Devil (2024),Horror,7.4,305,/u3YQJctMzFN2wAvnkmXy41bXhFv.jpg,2024,Late Night with the Devil (2024),"new york city, 1970s, halloween, possession, hallucination, evil, hypnotism, found footage, satanic cult, death of wife, magician, late-night show, provocative, satanic panic, awestruck","David Dastmalchian, Laura Gordon, Ian Bliss, Fayssal Bazzi, Ingrid Torelli, Rhys Auteri, Georgina Haig, Josh Quong Tart, Steve Mouzakis, Paula Arundell",Cameron Cairnes,
263115,Logan (2017),"Action, Drama, Science Fiction",7.8,18666,/fnbjcRDYn6YviCcePDnGdyAkYsB.jpg,2017,Logan (2017),"future, experiment, immortality, self-destruction, cyborg, dystopia, superhero, mutant, road trip, based on comic, sequel, super power, neo-western, troubled past, aging superhero, life on the margin","Hugh Jackman, Dafne Keen, Patrick Stewart, Elizabeth Rodriguez, Boyd Holbrook, Stephen Merchant, Richard E. Grant, Stephen Dunlevy, Eriq La Salle, Elise Neal",James Mangold,337
948549,Love Lies Bleeding (2024),"Crime, Romance, Thriller",6.711,147,/p7jyFWiLyHPttqYBFAlLJwtYTYH.jpg,2024,Love Lies Bleeding (2024),"homicide, blackmail, new mexico, eroticism, bisexuality, american dream, addiction, bodybuilder, steroids, murder, dirty cop, female protagonist, las vegas, brutality, crime family, gym, lgbt, estranged father, fitness, woman director, albuquerque, new mexico, neo-noir, female bodybuilder, 1980s, abusive husband, shooting range, father daughter relationship, lesbian, federal bureau of investigation, body horror","Kristen Stewart, Katy O'Brian, Ed Harris, Dave Franco, Jena Malone, Anna Baryshnikov, Orion Carrington, Eldon Jones, Catherine Haun, Matthew Blood-Smyth",Rose Glass,
634492,Madame Web (2024),"Action, Fantasy",5.61,1236,/rULWuutDcN5NvtiZi4FRPzRYWSh.jpg,2024,Madame Web (2024),"new york city, superhero, spider, based on comic, super power, paramedic, superhero team, manhattan, new york city, clairvoyant, epic battle, teen superhero, web, origin story, 2000s, vision of the future, female superhero, tragic, superpower, epic heroes","Dakota Johnson, Sydney Sweeney, Isabela Merced, Celeste O'Connor, Tahar Rahim, Kerry Bishé, Adam Scott, Emma Roberts, Mike Epps, Zosia Mamet",S.J. Clarkson,
940551,Migration (2023),"Animation, Action, Adventure, Comedy, Family",7.5,1303,/ldfCF9RhR40mppkzmftxapaHeTo.jpg,2023,Migration (2023),"duck, villain, migration, flight, anthropomorphism, family, animal, chef, overprotective father, illumination, bird, amused","Kumail Nanjiani, Elizabeth Banks, Caspar Jennings, Tresi Gazal, Awkwafina, Carol Kane, Keegan-Michael Key, Danny DeVito, David Mitchell, Isabela Merced",Benjamin Renner,
1700,Misery (1990),"Drama, Thriller",7.756,4427,/23Y65uWaVMpqfbZTN3CT0aei4D5.jpg,1990,Misery (1990),"based on novel or book, nurse, psychopath, colorado, car crash, author, slasher, psychological thriller, torture, obsessed fan, blizzard, bedridden, female psychopath","James Caan, Kathy Bates, Richard Farnsworth, Frances Sternhagen, Lauren Bacall, Graham Jarvis, Jerry Potter, Thomas Brunelle, June Christopher, Julie Payne",Rob Reiner,"381, 588"
920342,Monster's Battlefield (2021),Science Fiction,5.833,3,/nBVYp2xxx2R02n21EGlDky8CgWR.jpg,2021,Monster's Battlefield (2021),,"Zhang Meng, Li Ning, Gu Jing",Xu Shixing,
526896,Morbius (2022),"Action, Science Fiction, Fantasy",6.044,4071,/6JjfSchsU6daXk2AKX8EEBjO3Fm.jpg,2022,Morbius (2022),"vampire, based on comic, duringcreditsstinger, supervillain, pathetic, it's morbin time, cliché","Jared Leto, Matt Smith, Adria Arjona, Jared Harris, Al Madrigal, Tyrese Gibson, Zaris-Angel Hator, Joe Ferrara, Charlie Shotwell, Joseph Esson",Daniel Espinosa,1754
1096197,No Way Up (2024),"Action, Horror, Thriller",6.406,609,/hu40Uxp9WtpL34jv3zyWLb5zEVY.jpg,2024,No Way Up (2024),"ocean, bodyguard, rescue mission, childhood trauma, shark, airplane trip, sharks, air crash, survivor, depressing","Colm Meaney, Phyllis Logan, Sophie McIntosh, Will Attenborough, Jeremias Amoore, Manuel Pacific, Grace Nettle, James Carroll Jordan, David J Biscoe, David Samartin",Claudio Fäh,
872585,Oppenheimer (2023),"Drama, History",8.103,7944,/8Gxv8gSFCU0XGDykEGv7zR1n2ua.jpg,2023,Oppenheimer (2023),"husband wife relationship, based on novel or book, atomic bomb, patriotism, new mexico, world war ii, atomic bomb test, physics, biography, based on true story, interrogation, guilt, historical event, nuclear weapons, communism, red scare, mccarthyism, top secret project, moral dilemma, usa politics, 1940s, antisemitism, 20th century, manhattan project, los alamos","Cillian Murphy, Emily Blunt, Matt Damon, Robert Downey Jr., Florence Pugh, Josh Hartnett, Casey Affleck, Rami Malek, Kenneth Branagh, Benny Safdie",Christopher Nolan,381
942047,Outsource (2022),"Action, Comedy",2.3,11,/zIAF0UXtCJTJOYNYWiBfyifaaOi.jpg,2022,Outsource (2022),,"Bashar Atiyat, Bashar Atiyat, Noel Blanco, Thais Buchner",John Stephen Baltazar,
106,Predator (1987),"Science Fiction, Action, Adventure, Thriller",7.524,7696,/k3mW4qfJo6SKqe6laRyNGnbB9n5.jpg,1987,Predator (1987),"guerrilla warfare, central and south america, predator, trap, alien, survival, stalking, creature, alien invasion, invisible, commando, violence","Arnold Schwarzenegger, Carl Weathers, Elpidia Carrillo, Jesse Ventura, Sonny Landham, Bill Duke, Richard Chaves, R. G. Armstrong, Shane Black, Kevin Peter Hall",John McTiernan,337
680,Pulp Fiction (1994),"Thriller, Crime",8.489,27043,/d5iIlFn5s0ImszYzBPb8JPIfbXD.jpg,1994,Pulp Fiction (1994),"drug dealer, boxer, massage, stolen money, briefcase, crime boss, redemption, heirloom, dance competition, los angeles, california, theft, nonlinear timeline, multiple storylines, neo-noir, hilarious","John Travolta, Samuel L. Jackson, Uma Thurman, Bruce Willis, Ving Rhames, Harvey Keitel, Eric Stoltz, Tim Roth, Amanda Plummer, Maria de Medeiros",Quentin Tarantino,"8, 119, 381, 1796, 531, 582, 1853"
934632,Rebel Moon - Part Two: The Scargiver (2024),"Science Fiction, Action, Drama",6.121,686,/cxevDYdeFkiixRShbObdwAHBZry.jpg,2024,Rebel Moon – Partie 2 : L'Entailleuse (2024),"space war, space, female protagonist, space opera, space adventure, action hero, alien spaceship, super hero girls, space vessel, odyssey","Sofia Boutella, Michiel Huisman, Ed Skrein, Djimon Hounsou, Bae Doona, Staz Nair, Elise Duffy, Anthony Hopkins, Cleopatra Coleman, Fra Fee",Zack Snyder,"8, 1796"
865921,Return of Special Forces 5 (2021),Action,6.0,1,/i28T4z3JxRf6xwuunXAedTxkNDX.jpg,2021,Return of Special Forces 5 (2021),,"Fu Cheng Peng, Zhao Xun, Sun Anqi, Yang Tongshu, Emile Amro, Fei Liqi, Lan Sun, Wang Guanqi",Jie Hou,
359410,Road House (2024),"Action, Thriller",7.022,1693,/bXi6IQiQDHD00JFio5ZSZOeRSBh.jpg,2024,Road House (2024),"florida keys, remake, bouncer, fighting, ufc, mma, audacious, baffled","Jake Gyllenhaal, Daniela Melchior, Billy Magnussen, Jessica Williams, Joaquim de Almeida, Hannah Love Lanier, J. D. Pardo, Arturo Castro, Conor McGregor, B.K. Cannon",Doug Liman,119
5548,RoboCop (1987),"Action, Thriller, Science Fiction",7.3,4878,/hHtOgGb3NihlyRATHlKPaFApbrd.jpg,1987,RoboCop (1987),"experiment, cyborg, crime fighter, dystopia, giant robot, evil corporation, cyberpunk, detroit, michigan, law enforcement, gentrification, corrupt system, megacorporation","Peter Weller, Nancy Allen, Dan O'Herlihy, Ronny Cox, Kurtwood Smith, Miguel Ferrer, Robert DoQui, Ray Wise, Felton Perry, Paul McCrane",Paul Verhoeven,119
1366,Rocky (1976),Drama,7.787,7521,/cqxg1CihGR5ge0i1wYXr4Rdeppu.jpg,1976,Rocky (1976),"underdog, philadelphia, pennsylvania, transporter, love of one's life, italian american, sports, fight, independence, publicity, boxer, training, lovers, world champion, victory, surprise, boxing","Sylvester Stallone, Talia Shire, Burt Young, Carl Weathers, Burgess Meredith, Thayer David, Joe Spinell, Jimmy Gambina, Bill Baldwin, Al Silvani",John G. Avildsen,
850888,Sayen: The Huntress (2024),"Action, Thriller",6.396,24,/upKD8UbH8vQ798aMWgwMxV8t4yk.jpg,2024,Sayen : La Chasseresse (2024),,"Rallén Montenegro, Aarón Díaz, Eva De Dominici, Alfredo Castro, Eyal Meyer, Amalia Kassai, Dindi Jane, Steevens Benjamin, Camilo Arancibia",Alexander Witt,119
16320,Serenity (2005),"Science Fiction, Action, Adventure, Thriller",7.4,3346,/ckDo5vnRKehJ2qu8U95c7QcvGUm.jpg,2005,Serenity - L'ultime rébellion (2005),"spacecraft, martial arts, telepathy, dystopia, fugitive, space western, planet, cannibal, space opera, operative, ex soldier, firefly, browncoat","Nathan Fillion, Summer Glau, Gina Torres, Alan Tudyk, Morena Baccarin, Adam Baldwin, Jewel Staite, Sean Maher, Ron Glass, Chiwetel Ejiofor",Joss Whedon,
206647,Spectre (2015),"Action, Adventure, Thriller",6.542,10217,/zj8ongFhtWNsVlfjOGo8pSr7PQg.jpg,2015,Spectre (2015),"based on novel or book, spy, secret agent, sequel, mi6, british secret service, united kingdom","Daniel Craig, Christoph Waltz, Léa Seydoux, Ralph Fiennes, Monica Bellucci, Ben Whishaw, Naomie Harris, Dave Bautista, Andrew Scott, Rory Kinnear",Sam Mendes,
976906,Spitfire Over Berlin (2022),"War, Action, History",3.8,18,/xtPPOPTad1qopK6uDe3VlYUa22o.jpg,2022,Mission Spitfire (2022),,"Kris Saddler, Tom Gordon, David Dobson, Vin Hawke",Callum Burn,"119, 1967"
381288,Split (2017),"Horror, Thriller",7.343,16867,/lli31lYTFpvxVBeFHWoe5PMfW5s.jpg,2017,Split (2017),"child abuse, kidnapping, gore, sequel, stalking, teenage girl, super power, mental illness, split personality, multiple personality, traumatic childhood, dissociative identity disorder","James McAvoy, Anya Taylor-Joy, Betty Buckley, Haley Lu Richardson, Jessica Sula, Izzie Coffey, Brad William Henke, Sebastian Arcelus, Neal Huff, Ukee Washington",M. Night Shyamalan,"8, 119, 1796"
11,Star Wars (1977),"Adventure, Action, Science Fiction",8.203,19970,/6FfCtAuVAW8XJjZ7eWeLibRLWTw.jpg,1977,La Guerre des étoiles (1977),"empire, galaxy, rebellion, android, hermit, smuggling (contraband), freedom, rebel, rescue mission, space, planet, desert, super power, oppression, space opera, wizard, totalitarianism, star wars universe","Mark Hamill, Harrison Ford, Carrie Fisher, Peter Cushing, Alec Guinness, Anthony Daniels, Kenny Baker, Peter Mayhew, David Prowse, James Earl Jones",George Lucas,337
1924,Superman (1978),"Science Fiction, Action, Adventure",7.134,3643,/d7px1FQxW4tngdACVRsCSaZq0Xl.jpg,1978,Superman (1978),"galaxy, journalist, saving the world, secret identity, crime fighter, superhero, nuclear missile, based on comic, destruction of planet, criminal, sabotage, super power, north pole, midwest, newspaper office, superhuman strength, aftercreditsstinger, save the day, evil genius, rural life","Christopher Reeve, Marlon Brando, Gene Hackman, Ned Beatty, Jackie Cooper, Glenn Ford, Trevor Howard, Margot Kidder, Jack O'Halloran, Valerie Perrine",Richard Donner,
103,Taxi Driver (1976),"Crime, Drama",8.151,11756,/ekstpH614fwDX8DUln1a2Opz0N8.jpg,1976,Taxi Driver (1976),"drug dealer, vietnam veteran, new york city, taxi, pornography, obsession, taxi driver, pimp, firearm, politician, alienation, junk food, misanthrophy, vigilante, illegal prostitution, character study, loner, manhattan, new york city, neo-noir, child prostitution, new hollywood, drives","Robert De Niro, Jodie Foster, Cybill Shepherd, Harvey Keitel, Peter Boyle, Leonard Harris, Albert Brooks, Diahnne Déa, Frank Adu, Victor Argo",Martin Scorsese,381
577922,Tenet (2020),"Action, Thriller, Science Fiction",7.2,9359,/k68nPLbIST6NP96JmTxmZijEvCA.jpg,2020,Tenet (2020),"assassin, espionage, spy, time travel, mumbai (bombay), india, arms dealer, terrorism, terrorist attack, nuclear weapons, terrorist plot, backwards, alternate timeline, oslo, norway, time paradox, kyiv (kiev), ukraine, complex, intense, ambiguous, dubious","John David Washington, Robert Pattinson, Elizabeth Debicki, Kenneth Branagh, Dimple Kapadia, Himesh Patel, Aaron Taylor-Johnson, Michael Caine, Clémence Poésy, Martin Donovan",Christopher Nolan,"8, 1796"
414906,The Batman (2022),"Crime, Mystery, Thriller",7.683,9526,/74xTEgt7R36Fpooo50r9T25onhq.jpg,2022,The Batman (2022),"police, psychopath, secret identity, crime fighter, superhero, nightclub, politician, based on comic, vigilante, organized crime, serial killer, millionaire, social injustice, murder investigation, aftercreditsstinger, masked superhero, political corruption, neo-noir, vengeance, mayoral election, the batman saga","Robert Pattinson, Zoë Kravitz, Paul Dano, Jeffrey Wright, John Turturro, Peter Sarsgaard, Andy Serkis, Colin Farrell, Jayme Lawson, Gil Perez-Abraham",Matt Reeves,
1057001,The Childe (2023),"Action, Thriller, Drama",7.028,72,/ydC8ubFXQfkPJDhkduMhbE9mTz7.jpg,2023,L'Héritier (2023),"friendship, gangster, philippines, nobleman, wealthy family, conglomerate heir, intense","Kim Seon-ho, Kang Tae-ju, Kim Kang-woo, Go Ara, Jung Lael, Heo Joon-seok, Choi Jung-woo, Lee Ki-young, Noreen Joyce Guerra",Park Hoon-jung,
746036,The Fall Guy (2024),"Action, Comedy",7.388,282,/aBkqu7EddWK7qmY4grL4I6edx2h.jpg,2024,The Fall Guy (2024),"stuntman, missing person, action comedy, based on tv series, cheerful","Ryan Gosling, Emily Blunt, Aaron Taylor-Johnson, Hannah Waddingham, Teresa Palmer, Stephanie Hsu, Winston Duke, Ben Knight, Matuse Paz, Adam Dunn",David Leitch,
298618,The Flash (2023),"Action, Adventure, Science Fiction",6.744,3863,/rktDFPbfHfUbArZ6OOOKsXcv0Bm.jpg,2023,The Flash (2023),"hero, secret identity, superhero, based on comic, superhuman, super power, aftercreditsstinger, butterfly effect, dc extended universe (dceu), superhuman abilities, loss of mother","Ezra Miller, Sasha Calle, Michael Keaton, Michael Shannon, Ron Livingston, Maribel Verdú, Kiersey Clemons, Antje Traue, Saoirse-Monica Jackson, Rudy Mancuso",Andy Muschietti,381
748783,The Garfield Movie (2024),"Animation, Comedy, Family",6.5,47,/zK2sFxZcelHJRPVr242rxy5VK4T.jpg,2024,"Garfield, Héros malgré lui (2024)","friendship, cat, villain, based on comic, lasagne, computer animation, based on cartoon, food, dog, father son relationship, adaptation","Chris Pratt, Samuel L. Jackson, Harvey Guillén, Nicholas Hoult, Hannah Waddingham, Brett Goldstein, Bowen Yang, Ving Rhames, Cecily Strong, Janelle James",Mark Dindal,
843527,The Idea of You (2024),"Romance, Comedy",7.589,464,/zDi2U7WYkdIoGYHcYbM9X5yReVD.jpg,2024,L'idée d'être avec toi (2024),"based on novel or book, older woman younger man relationship, boy band, calm, cheerful, comforting, compassionate","Anne Hathaway, Nicholas Galitzine, Ella Rubin, Annie Mumolo, Reid Scott, Perry Mattfeld, Jordan Aaron Hall, Mathilda Gianopoulos, Meg Millidge, Cheech Manohar",Michael Showalter,119
609681,The Marvels (2023),"Science Fiction, Adventure, Action",6.157,2265,/9GBhzXMFjgcZ3FdR9w3bUMMTps5.jpg,2023,The Marvels (2023),"hero, superhero, space travel, based on comic, sequel, teenage girl, aftercreditsstinger, duringcreditsstinger, marvel cinematic universe (mcu), space adventure, cheerful","Brie Larson, Teyonah Parris, Iman Vellani, Zawe Ashton, Samuel L. Jackson, Gary Lewis, Park Seo-jun, Zenobia Shroff, Mohan Kapur, Saagar Shaikh",Nia DaCosta,
603,The Matrix (1999),"Action, Science Fiction",8.215,24845,/f89U3ADr1oiB1s9GkdPOEpXUk5H.jpg,1999,Matrix (1999),"man vs machine, martial arts, dream, artificial intelligence (a.i.), saving the world, hacker, self sacrifice, virtual reality, fight, prophecy, truth, philosophy, dystopia, insurgence, simulated reality , cyberpunk, dream world, messiah, action hero, gnosticism, complex","Keanu Reeves, Laurence Fishburne, Carrie-Anne Moss, Hugo Weaving, Gloria Foster, Joe Pantoliano, Marcus Chong, Julian Arahanga, Matt Doran, Belinda McClory",Lana Wachowski,"8, 1796"
1216299,The Night They Came Home (2024),"Western, Thriller, Action",5.833,15,/6Bd17axAG0qJ6YIU3SoootXV0Cz.jpg,2024,The Night They Came Home (2024),,"Brian Austin Green, Tim Abell, Charlie N. Townsend, Danny Trejo, Robert Carradine, Jesse Kove, Kelsey Reinhardt, Kassius Marcil-Green, Weston Cage Coppola, Peter Sherayko",Paul G. Volk,
218,The Terminator (1984),"Action, Thriller, Science Fiction",7.663,12510,/qvktm0BHcnmDpul4Hz01GIazWPr.jpg,1984,Terminator (1984),"artificial intelligence (a.i.), saving the world, laser gun, cyborg, killer robot, shotgun, rebel, dystopia, villain, time travel, slasher, los angeles, california, electronic music score, urban setting, future war, savior, tech noir, aggressive, time paradox, action hero, griffith observatory, good versus evil, terminator","Arnold Schwarzenegger, Michael Biehn, Linda Hamilton, Lance Henriksen, Paul Winfield, Bess Motta, Rick Rossovich, Earl Boen, Dick Miller, Shawn Schepps",James Cameron,381
845111,The Three Musketeers: Milady (2023),"Adventure, Action, Drama",6.519,385,/rtosxP5sXuoRFPH4sVbMccLIPiV.jpg,2023,The Three Musketeers: Milady (2023),"musketeer, 1620s, three musketeers","François Civil, Vincent Cassel, Romain Duris, Pio Marmaï, Eva Green, Lyna Khoudri, Louis Garrel, Vicky Krieps, Jacob Fortune-Lloyd, Eric Ruf",Martin Bourboulon,
984324,The Wages of Fear (2024),"Action, Thriller",5.751,217,/jFK2ZLQUzo9pea0jfMCHDfvWsx7.jpg,2024,The Wages of Fear (2024),"based on novel or book, nitroglycerin, remake","Franck Gastambide, Alban Lenoir, Ana Girardot, Sofiane Zermani, Astrid Whettnall, Bakary Diombera, Alka Matewa, Rabie Kati, Joseph Beddelem, Brice Bexter",Julien Leclercq,"8, 1796"
284053,Thor: Ragnarok (2017),"Action, Adventure, Science Fiction",7.6,20181,/rzRwTcFvttcN1ZpX2xv4j3tSdJu.jpg,2017,Thor : Ragnarok (2017),"superhero, based on comic, sequel, alien planet, female villain, norse mythology, aftercreditsstinger, duringcreditsstinger, marvel cinematic universe (mcu), norse god, loki","Chris Hemsworth, Tom Hiddleston, Cate Blanchett, Tessa Thompson, Jeff Goldblum, Idris Elba, Karl Urban, Mark Ruffalo, Anthony Hopkins, Benedict Cumberbatch",Taika Waititi,337
508947,Turning Red (2022),"Animation, Family, Comedy, Fantasy",7.39,4934,/qsdjk9oAKSQMWs0Vt5Pyfh6O4GZ.jpg,2022,Alerte rouge (2022),"friendship, canada, concert, temple, shapeshifting, toronto, canada, coming of age, teenage girl, female protagonist, east asian lead, animal, domineering mother, perfectionist, aftercreditsstinger, chinese canadian, woman director, ancestor, boy band, mother daughter relationship, red panda, appreciative","Rosalie Chiang, Sandra Oh, Ava Morse, Hyein Park, Maitreyi Ramakrishnan, Orion Lee, Wai Ching Ho, Tristan Allerick Chen, James Hong, Lori Tan Chinn",Domee Shi,337
1219685,Un père idéal (2024),"Drama, TV Movie",0.0,0,/4xJd3uwtL1vCuZgEfEc8JXI9Uyx.jpg,2024,Un père idéal (2024),,"Laurent Gerra, Eddy Mitchell, Laure-Lucille Simon, Jérôme Kircher, Tess Barthélémy, Bérangère Bonvoisin, Denez Raoul, Alice Aliaga, Rufus",Hélène Fillières,
844185,Unfrosted (2024),"Comedy, History",5.391,101,/efvnagceBlmNG10BKnSOEqI6VtP.jpg,2024,Unfrosted : L'épopée de la Pop-Tart (2024),,"Jerry Seinfeld, Melissa McCarthy, Jim Gaffigan, Hugh Grant, Amy Schumer, Max Greenfield, Isaac Bae, Chris Rickett, Rachael Harris, Kue Lawrence",Jerry Seinfeld,"8, 1796"
297762,Wonder Woman (2017),"Action, Adventure, Fantasy",7.229,19491,/imekS7f1OuHyUP2LAiTEM0zBzUz.jpg,2017,Wonder Woman (2017),"island, hero, strong woman, world war i, empowerment, superhero, feminism, greek mythology, based on comic, female protagonist, period drama, super power, heroine, woman director, female empowerment, 1910s, dc extended universe (dceu)","Gal Gadot, Chris Pine, Connie Nielsen, Robin Wright, Danny Huston, David Thewlis, Saïd Taghmaoui, Ewen Bremner, Eugene Brave Rock, Lucy Davis",Patty Jenkins,
787699,Wonka (2023),"Comedy, Family, Fantasy",7.188,2944,/qhb1qOilapbapxWQn9jtRCMwXJF.jpg,2023,Wonka (2023),"chocolate, musical, prequel, nostalgic, duringcreditsstinger, cartel","Timothée Chalamet, Calah Lane, Keegan-Michael Key, Hugh Grant, Paterson Joseph, Olivia Colman, Tom Davis, Jim Carter, Rowan Atkinson, Matt Lucas",Paul King,
760104,X (2022),"Horror, Thriller, Mystery",6.729,2752,/woTQx9Q4b8aO13jR9dsj8C9JESy.jpg,2022,X (2022),"van, sheriff, war veteran, gas station, shotgun, 1970s, texas, alligator, porn star, serial killer, slasher, porn actress, elderly couple, isolated farmhouse, existentialism, absurd, demeaning, derogatory, ridiculous","Mia Goth, Jenna Ortega, Brittany Snow, Kid Cudi, Martin Henderson, Owen Campbell, Stephen Ure, James Gaylyn, Simon Prast, Geoff Dolan",Ti West,
7451,xXx (2002),"Action, Adventure, Thriller, Crime",5.932,4033,/xeEw3eLeSFmJgXZzmF2Efww0q3s.jpg,2002,xXx (2002),"mission, biological weapon, sports car, cold war, prague, czech republic, nsa agent, adrenaline junkie, thrill seeker","Vin Diesel, Asia Argento, Marton Csokas, Samuel L. Jackson, Michael Roof, Richy Müller, Werner Daehn, Petr Jákl, Jan Filipenský, Tom Everett",Rob Cohen,"119, 381, 1733"
